time_s,temperature_K,density_kg_per_m3,Y_WOOD,Y_CHAR,Y_TAR,Y_O2,Y_N2,Y_H2O,Y_H2O_L,Y_CO,Y_CO2,Y_H2,Y_CH4
5,790.078598,0.489606232,0.17666298,3.09318757e-06,0,0.189363958,0.633957597,3.43659395e-06,0,4.27460526e-06,2.93835177e-06,1.92288366e-07,1.53019876e-06
10,790.157308,0.489544838,0.176647492,6.19102641e-06,0,0.189363958,0.633957597,6.8783677e-06,0,8.55562961e-06,5.88113569e-06,3.84864987e-07,3.06268978e-06
15,790.236132,0.489483368,0.17663198,9.29352913e-06,0,0.189363957,0.633957597,1.03253354e-05,0,1.28430903e-05,8.82836399e-06,5.77730641e-07,4.59747929e-06
20,790.315069,0.489421822,0.176616445,1.24007084e-05,0,0.189363957,0.633957597,1.3777512e-05,0,1.71370044e-05,1.17800495e-05,7.70886049e-07,6.13457304e-06
25,790.394119,0.489360199,0.176600886,1.5512577e-05,0,0.189363957,0.633957597,1.72349135e-05,0,2.14373887e-05,1.47362058e-05,9.64331898e-07,7.67397653e-06
30,790.473283,0.4892985,0.176585304,1.86291478e-05,0,0.189363957,0.633957597,2.06975566e-05,0,2.57442597e-05,1.76968469e-05,1.15806882e-06,9.21569481e-06
35,790.552562,0.489236723,0.176569698,2.17504337e-05,0,0.189363956,0.633957597,2.41654595e-05,0,3.00576335e-05,2.06619879e-05,1.35209736e-06,1.07597324e-05
40,790.631956,0.48917487,0.176554069,2.48764474e-05,0,0.189363956,0.633957597,2.76386417e-05,0,3.43775256e-05,2.36316444e-05,1.546418e-06,1.2306093e-05
45,790.711464,0.489112939,0.176538416,2.80072021e-05,0,0.189363956,0.633957597,3.1117125e-05,0,3.87039509e-05,2.66058336e-05,1.74103108e-06,1.38547795e-05
50,790.791089,0.48905093,0.176522739,3.11427107e-05,0,0.189363955,0.633957597,3.46009333e-05,0,4.30369234e-05,2.95845742e-05,1.93593683e-06,1.54057937e-05
55,790.870829,0.488988843,0.176507038,3.42829863e-05,0,0.189363954,0.633957597,3.80900938e-05,0,4.73764564e-05,3.25678867e-05,2.13113526e-06,1.69591361e-05
60,790.950687,0.488926677,0.176491314,3.74280422e-05,0,0.189363953,0.633957597,4.15846374e-05,0,5.17225615e-05,3.55557936e-05,2.32662618e-06,1.85148052e-05
65,791.030662,0.488864433,0.176475565,4.05778916e-05,0,0.189363952,0.633957597,4.50846e-05,0,5.60752489e-05,3.85483206e-05,2.52240912e-06,2.00727974e-05
70,791.110756,0.488802109,0.176459793,4.37325478e-05,0,0.189363951,0.633957597,4.85900235e-05,0,6.04345266e-05,4.15454969e-05,2.71848323e-06,2.16331064e-05
75,791.190969,0.488739705,0.176443996,4.68920243e-05,0,0.189363949,0.633957597,5.21009578e-05,0,6.48004e-05,4.45473561e-05,2.91484718e-06,2.3195722e-05
80,791.271303,0.488677221,0.176428175,5.00563346e-05,0,0.189363947,0.633957597,5.56174632e-05,0,6.9172871e-05,4.7553938e-05,3.11149904e-06,2.47606292e-05
85,791.351759,0.488614654,0.17641233,5.32254923e-05,0,0.189363945,0.633957597,5.91396135e-05,0,7.3551937e-05,5.05652899e-05,3.30843607e-06,2.6327807e-05
90,791.43234,0.488552005,0.176396461,5.63995112e-05,0,0.189363942,0.633957597,6.26674999e-05,0,7.79375894e-05,5.35814691e-05,3.50565447e-06,2.78972259e-05
95,791.513046,0.488489272,0.176380567,5.95784053e-05,0,0.189363938,0.633957597,6.62012375e-05,0,8.23298118e-05,5.66025461e-05,3.70314904e-06,2.94688458e-05
100,791.593882,0.488426452,0.176364649,6.27621888e-05,0,0.189363933,0.633957597,6.97409724e-05,0,8.67285777e-05,5.96286091e-05,3.90091271e-06,3.10426119e-05
105,791.674851,0.488363545,0.176348706,6.5950876e-05,0,0.189363926,0.633957597,7.32868926e-05,0,9.11338468e-05,6.26597692e-05,4.09893592e-06,3.26184503e-05
110,791.755958,0.488300546,0.176332739,6.91444817e-05,0,0.189363918,0.633957597,7.68392424e-05,0,9.55455611e-05,6.56961687e-05,4.29720576e-06,3.41962611e-05
115,791.837209,0.488237453,0.176316747,7.2343021e-05,0,0.189363908,0.633957597,8.03983418e-05,0,9.99636385e-05,6.87379913e-05,4.49570483e-06,3.57759098e-05
120,791.918612,0.48817426,0.17630073,7.55465095e-05,0,0.189363894,0.633957597,8.39646133e-05,0,0.000104387965,7.17854766e-05,4.69440967e-06,3.7357215e-05
125,792.00018,0.48811096,0.176284689,7.87549635e-05,0,0.189363877,0.633957597,8.75386179e-05,0,0.000108818387,7.4838939e-05,4.89328865e-06,3.89399326e-05
130,792.081925,0.488047545,0.176268622,8.19684002e-05,0,0.189363855,0.633957597,9.11211038e-05,0,0.000113254693,7.78987937e-05,5.09229921e-06,4.05237343e-05
135,792.163869,0.487984003,0.176252531,8.51868378e-05,0,0.189363826,0.633957597,9.47130702e-05,0,0.000117696604,8.09655897e-05,5.29138412e-06,4.21081792e-05
140,792.246037,0.487920318,0.176236414,8.84102964e-05,0,0.189363788,0.633957597,9.83158523e-05,0,0.000122143753,8.40400537e-05,5.49046684e-06,4.36926788e-05
145,792.328464,0.48785647,0.176220272,9.16387976e-05,0,0.189363738,0.633957597,0.000101931229,0,0.000126595664,8.71231448e-05,5.68944552e-06,4.52764511e-05
150,792.411196,0.487792431,0.176204105,9.48723661e-05,0,0.189363672,0.633957597,0.000105561558,0,0.000131051734,9.02161217e-05,5.8881858e-06,4.68584668e-05
155,792.494294,0.487728164,0.176187913,9.811103e-05,0,0.189363585,0.633957597,0.000109209939,0,0.000135511224,9.3320622e-05,6.08651252e-06,4.84373877e-05
160,792.577835,0.487663624,0.176171695,0.000101354822,0,0.189363471,0.633957597,0.000112880398,0,0.000139973263,9.64387487e-05,6.2842008e-06,5.00115001e-05
165,792.661921,0.48759875,0.17615545,0.00010460378,0,0.189363322,0.633957597,0.000116578092,0,0.000144436881,9.95731585e-05,6.48096739e-06,5.1578653e-05
170,792.746675,0.487533467,0.17613918,0.000107857952,0,0.189363127,0.633957597,0.000120309509,0,0.000148901091,0.000102727141,6.67646361e-06,5.31362082e-05
175,792.83225,0.487467684,0.176122884,0.000111117391,0,0.189362875,0.633957597,0.000124082644,0,0.000153365033,0.000105904675,6.87027152e-06,5.46810165e-05
180,792.91883,0.487401291,0.176106561,0.000114382164,0,0.18936255,0.633957597,0.000127907131,0,0.000157828188,0.000109110448,7.06190486e-06,5.62094307e-05
185,793.006628,0.487334158,0.176090211,0.000117652352,0,0.189362135,0.633957597,0.000131794305,0,0.000162290656,0.000112349831,7.2508155e-06,5.77173595e-05
190,793.095887,0.48726614,0.176073833,0.000120928049,0,0.189361613,0.633957597,0.00013575719,0,0.000166753483,0.00011562881,7.43640526e-06,5.92003602e-05
195,793.186877,0.487197073,0.176057427,0.000124209367,0,0.189360961,0.633957597,0.000139810416,0,0.000171218978,0.000118953882,7.61804134e-06,6.0653757e-05
200,793.279892,0.487126779,0.176040992,0.000127496439,0,0.189360159,0.633957597,0.00014397006,0,0.000175690976,0.000122331934,7.79507338e-06,6.20727657e-05
205,793.375245,0.487055066,0.176024528,0.000130789415,0,0.189359182,0.633957597,0.000148253453,0,0.000180174978,0.000125770132,7.96684932e-06,6.34526085e-05
210,793.473264,0.486981736,0.176008034,0.000134088471,0,0.189358008,0.633957597,0.000152678934,0,0.000184678142,0.000129275817,8.1327288e-06,6.47886057e-05
215,793.574286,0.486906581,0.175991508,0.000137393802,0,0.18935661,0.633957597,0.000157265565,0,0.000189209104,0.000132856434,8.29209352e-06,6.60762446e-05
220,793.678655,0.486829393,0.17597495,0.00014070563,0,0.189354967,0.633957597,0.00016203279,0,0.000193777639,0.000136519474,8.44435525e-06,6.73112308e-05
225,793.786708,0.486749962,0.175958358,0.000144024197,0,0.189353053,0.633957597,0.000167000024,0,0.000198394193,0.000140272423,8.5889629e-06,6.84895319e-05
230,793.898778,0.486668088,0.17594173,0.000147349773,0,0.189350846,0.633957597,0.000172186181,0,0.00020306932,0.000144122707,8.7254098e-06,6.96074265e-05
235,794.015174,0.486583578,0.175925067,0.000150682647,0,0.189348327,0.633957597,0.000177609129,0,0.000207813089,0.00014807762,8.85324234e-06,7.06615632e-05
240,794.136182,0.486496259,0.175908365,0.000154023131,0,0.189345475,0.633957597,0.000183285113,0,0.000212634491,0.000152144231,8.97207013e-06,7.16490331e-05
245,794.26205,0.48640598,0.175891624,0.000157371558,0,0.189342275,0.633957597,0.00018922816,0,0.000217540924,0.000156329266,9.08157739e-06,7.25674536e-05
250,794.392979,0.486312617,0.175874841,0.000160728275,0,0.189338716,0.633957597,0.000195449546,0,0.000222537783,0.000160638976,9.18153469e-06,7.34150552e-05
255,794.529119,0.486216081,0.175858015,0.000164093647,0,0.189334788,0.633957597,0.00020195734,0,0.000227628197,0.000165078999,9.27180962e-06,7.41907616e-05
260,794.670562,0.486116316,0.175841144,0.000167468045,0,0.189330489,0.633957597,0.000208756108,0,0.00023281295,0.000169654231,9.3523749e-06,7.48942529e-05
265,794.81734,0.486013306,0.175824225,0.000170851851,0,0.189325818,0.633957597,0.000215846783,0,0.000238090562,0.000174368718,9.42331249e-06,7.5525999e-05
270,794.969426,0.485907069,0.175807258,0.000174245446,0,0.18932078,0.633957597,0.000223226741,0,0.000243457527,0.000179225588,9.48481268e-06,7.60872568e-05
275,795.126738,0.485797658,0.17579024,0.000177649213,0,0.189315383,0.633957597,0.000230890062,0,0.000248908664,0.000184227024,9.53716772e-06,7.6580028e-05
280,795.289146,0.485685153,0.175773169,0.000181063529,0,0.189309638,0.633957597,0.000238827958,0,0.00025443753,0.000189374295,9.58076024e-06,7.70069779e-05
285,795.456483,0.485569662,0.175756044,0.000184488763,0,0.18930356,0.633957597,0.000247029309,0,0.000260036852,0.000194667824,9.6160474e-06,7.73713233e-05
290,795.62855,0.485451308,0.175738862,0.000187925276,0,0.189297165,0.633957597,0.000255481275,0,0.00026569893,0.000200107309,9.64354223e-06,7.76766978e-05
295,795.80513,0.485330225,0.175721622,0.000191373417,0,0.18929047,0.633957597,0.000264169905,0,0.000271415985,0.000205691859,9.66379384e-06,7.79270096e-05
300,795.985995,0.485206555,0.175704323,0.000194833521,0,0.189283492,0.633957597,0.000273080718,0,0.000277180423,0.000211420151,9.67736817e-06,7.81263012e-05
305,796.170918,0.485080439,0.175686961,0.000198305913,0,0.189276249,0.633957597,0.000282199204,0,0.000282985035,0.000217290581,9.68483057e-06,7.82786231e-05
310,796.359677,0.484952015,0.175669537,0.000201790901,0,0.189268758,0.633957597,0.000291511237,0,0.000288823115,0.000223301411,9.68673131e-06,7.83879266e-05
315,796.552058,0.484821414,0.175652049,0.000205288784,0,0.189261035,0.633957597,0.000301003383,0,0.000294688525,0.000229450888,9.68359426e-06,7.84579811e-05
320,796.747867,0.484688758,0.175634494,0.000208799848,0,0.189253096,0.633957597,0.000310663117,0,0.000300575707,0.000235737348,9.67590895e-06,7.84923144e-05
325,796.946921,0.484554159,0.175616872,0.000212324368,0,0.189244953,0.633957597,0.000320478952,0,0.00030647967,0.000242159291,9.66412571e-06,7.84941762e-05
330,797.14906,0.484417716,0.175599182,0.00021586261,0,0.189236619,0.633957597,0.000330440498,0,0.000312395956,0.000248715433,9.64865346e-06,7.84665207e-05
335,797.35414,0.48427952,0.175581422,0.000219414831,0,0.189228105,0.633957597,0.000340538463,0,0.000318320586,0.000255404741,9.62985945e-06,7.84120036e-05
340,797.562034,0.484139649,0.17556359,0.00022298128,0,0.18921942,0.633957597,0.000350764618,0,0.000324250013,0.000262226452,9.60807073e-06,7.83329916e-05
345,797.772633,0.48399817,0.175545686,0.000226562203,0,0.189210574,0.633957597,0.000361111737,0,0.000330181069,0.000269180071,9.58357643e-06,7.82315783e-05
350,797.985844,0.483855143,0.175527709,0.000230157837,0,0.189201572,0.633957597,0.000371573513,0,0.000336110911,0.000276265372,9.55663093e-06,7.81096065e-05
355,798.201585,0.483710618,0.175509657,0.000233768417,0,0.189192422,0.633957597,0.000382144474,0,0.000342036978,0.000283482384,9.52745713e-06,7.79686916e-05
360,798.419792,0.483564637,0.175491529,0.000237394175,0,0.189183129,0.633957597,0.000392819894,0,0.000347956947,0.000290831371,9.49624993e-06,7.78102461e-05
365,798.640406,0.483417237,0.175473324,0.000241035339,0,0.189173697,0.633957597,0.000403595707,0,0.000353868702,0.00029831282,9.4631795e-06,7.76355038e-05
370,798.863383,0.483268446,0.175455041,0.000244692139,0,0.189164131,0.633957597,0.000414468427,0,0.000359770295,0.00030592742,9.42839446e-06,7.74455425e-05
375,799.088684,0.483118289,0.175436679,0.000248364799,0,0.189154433,0.633957597,0.00042543507,0,0.000365659922,0.000313676042,9.39202476e-06,7.72413044e-05
380,799.31628,0.482966786,0.175418236,0.000252053546,0,0.189144606,0.633957597,0.000436493092,0,0.000371535902,0.000321559723,9.35418423e-06,7.70236153e-05
385,799.546147,0.482813954,0.175399711,0.000255758607,0,0.189134652,0.633957597,0.000447640325,0,0.000377396653,0.000329579647,9.31497289e-06,7.67932009e-05
390,799.778268,0.482659804,0.175381104,0.000259480208,0,0.189124574,0.633957597,0.000458874928,0,0.000383240676,0.000337737132,9.27447902e-06,7.65507018e-05
395,800.012629,0.482504346,0.175362413,0.000263218578,0,0.189114372,0.633957597,0.000470195335,0,0.000389066541,0.000346033615,9.23278096e-06,7.62966874e-05
400,800.249222,0.482347588,0.175343637,0.000266973944,0,0.189104049,0.633957597,0.000481600222,0,0.000394872878,0.000354470642,9.18994837e-06,7.60316641e-05
405,800.488042,0.482189534,0.175324775,0.000270746539,0,0.189093604,0.633957597,0.000493088475,0,0.000400658361,0.000363049856,9.14604367e-06,7.57560866e-05
410,800.729087,0.482030187,0.175305826,0.000274536595,0,0.189083039,0.633957597,0.000504659152,0,0.000406421705,0.000371772986,9.10112322e-06,7.5470366e-05
415,800.972358,0.481869549,0.175286788,0.000278344347,0,0.189072354,0.633957597,0.000516311463,0,0.000412161653,0.000380641843,9.05523817e-06,7.51748766e-05
420,801.217858,0.481707619,0.17526766,0.000282170031,0,0.18906155,0.633957597,0.000528044751,0,0.000417876974,0.000389658309,9.00843522e-06,7.48699608e-05
425,801.465593,0.481544397,0.175248442,0.000286013887,0,0.189050627,0.633957597,0.00053985847,0,0.00042356646,0.000398824335,8.96075733e-06,7.4555935e-05
430,801.715569,0.48137988,0.175229131,0.000289876159,0,0.189039585,0.633957597,0.000551752171,0,0.000429228913,0.000408141931,8.91224437e-06,7.42330939e-05
435,801.967796,0.481214065,0.175209728,0.000293757091,0,0.189028424,0.633957597,0.000563725486,0,0.000434863151,0.000417613166,8.86293353e-06,7.39017138e-05
440,802.222284,0.481046947,0.175190229,0.000297656933,0,0.189017143,0.633957597,0.000575778126,0,0.000440467997,0.000427240164,8.81285965e-06,7.35620549e-05
445,802.479043,0.480878522,0.175170635,0.000301575935,0,0.189005744,0.633957597,0.000587909863,0,0.000446042283,0.000437025098,8.76205564e-06,7.32143644e-05
450,802.738087,0.480708784,0.175150944,0.000305514352,0,0.188994225,0.633957597,0.000600120526,0,0.000451584843,0.000446970191,8.71055275e-06,7.28588787e-05
455,802.999429,0.480537728,0.175131154,0.000309472445,0,0.188982587,0.633957597,0.000612409992,0,0.000457094512,0.000457077713,8.6583808e-06,7.24958248e-05
460,803.263085,0.480365346,0.175111265,0.000313450474,0,0.188970828,0.633957597,0.000624778185,0,0.000462570127,0.000467349975,8.6055684e-06,7.21254223e-05
465,803.529068,0.480191632,0.175091275,0.000317448706,0,0.188958949,0.633957597,0.000637225068,0,0.000468010523,0.000477789334,8.55214311e-06,7.17478839e-05
470,803.797396,0.480016578,0.175071182,0.00032146741,0,0.188946949,0.633957597,0.000649750637,0,0.000473414531,0.000488398188,8.49813156e-06,7.13634175e-05
475,804.068086,0.479840177,0.175050986,0.000325506862,0,0.188934828,0.633957597,0.000662354922,0,0.000478780982,0.000499178977,8.44355963e-06,7.09722261e-05
480,804.341154,0.479662419,0.175030685,0.000329567338,0,0.188922584,0.633957597,0.000675037984,0,0.000484108699,0.000510134178,8.38845251e-06,7.05745095e-05
485,804.61662,0.479483296,0.175010277,0.000333649122,0,0.188910219,0.633957597,0.000687799907,0,0.000489396503,0.00052126631,8.3328348e-06,7.01704643e-05
490,804.894503,0.4793028,0.174989761,0.0003377525,0,0.18889773,0.633957597,0.000700640803,0,0.000494643207,0.000532577927,8.27673058e-06,6.97602845e-05
495,805.174821,0.479120921,0.174969135,0.000341877762,0,0.188885118,0.633957597,0.000713560807,0,0.000499847621,0.000544071626,8.22016348e-06,6.93441625e-05
500,805.457595,0.478937649,0.174948399,0.000346025206,0,0.188872381,0.633957597,0.000726560075,0,0.000505008546,0.000555750036,8.16315672e-06,6.89222889e-05
505,805.742846,0.478752975,0.17492755,0.000350195132,0,0.188859519,0.633957597,0.000739638785,0,0.000510124779,0.000567615828,8.1057332e-06,6.84948532e-05
510,806.030594,0.478566888,0.174906588,0.000354387844,0,0.188846531,0.633957597,0.000752797134,0,0.000515195108,0.000579671706,8.04791547e-06,6.8062044e-05
515,806.320863,0.478379379,0.17488551,0.000358603654,0,0.188833417,0.633957597,0.000766035339,0,0.000520218316,0.000591920414,7.98972582e-06,6.76240493e-05
520,806.613672,0.478190436,0.174864314,0.000362842876,0,0.188820176,0.633957597,0.000779353636,0,0.000525193179,0.000604364731,7.93118627e-06,6.71810565e-05
525,806.909047,0.478000048,0.174843001,0.000367105832,0,0.188806806,0.633957597,0.000792752278,0,0.000530118466,0.000617007471,7.87231863e-06,6.67332529e-05
530,807.207009,0.477808205,0.174821567,0.000371392848,0,0.188793308,0.633957597,0.000806231536,0,0.000534992939,0.000629851485,7.8131445e-06,6.62808256e-05
535,807.507582,0.477614895,0.174800011,0.000375704254,0,0.18877968,0.633957597,0.0008197917,0,0.000539815354,0.00064289966,7.75368526e-06,6.58239618e-05
540,807.810792,0.477420106,0.174778331,0.000380040389,0,0.188765921,0.633957597,0.000833433077,0,0.000544584461,0.000656154918,7.69396214e-06,6.53628487e-05
545,808.116661,0.477223826,0.174756526,0.000384401595,0,0.188752031,0.633957597,0.000847155992,0,0.000549299003,0.000669620218,7.63399618e-06,6.48976738e-05
550,808.425217,0.477026044,0.174734594,0.00038878822,0,0.188738009,0.633957597,0.000860960788,0,0.00055395772,0.000683298552,7.57380827e-06,6.44286247e-05
555,808.736483,0.476826747,0.174712533,0.00039320062,0,0.188723853,0.633957597,0.000874847825,0,0.000558559343,0.00069719295,7.51341914e-06,6.39558894e-05
560,809.050487,0.476625922,0.174690341,0.000397639156,0,0.188709563,0.633957597,0.000888817481,0,0.000563102601,0.000711306473,7.45284938e-06,6.34796561e-05
565,809.367256,0.476423557,0.174668017,0.000402104195,0,0.188695137,0.633957597,0.000902870154,0,0.000567586217,0.00072564222,7.3921194e-06,6.30001133e-05
570,809.686816,0.476219638,0.174645558,0.00040659611,0,0.188680576,0.633957597,0.00091700626,0,0.000572008912,0.000740203324,7.33124949e-06,6.251745e-05
575,810.009195,0.476014152,0.174622964,0.000411115282,0,0.188665877,0.633957597,0.000931226234,0,0.000576369402,0.000754992949,7.2702598e-06,6.20318553e-05
580,810.334422,0.475807086,0.17460023,0.000415662098,0,0.188651039,0.633957597,0.000945530529,0,0.000580666402,0.000770014295,7.2091703e-06,6.15435185e-05
585,810.662524,0.475598426,0.174577357,0.000420236952,0,0.188636062,0.633957597,0.000959919624,0,0.000584898622,0.000785270599,7.14800082e-06,6.10526293e-05
590,810.993533,0.475388158,0.174554342,0.000424840245,0,0.188620945,0.633957597,0.000974394013,0,0.000589064773,0.000800765131,7.08677102e-06,6.05593773e-05
595,811.327477,0.475176267,0.174531182,0.000429472387,0,0.188605686,0.633957597,0.000988954217,0,0.000593163566,0.000816501192,7.02550039e-06,6.00639525e-05
600,811.664386,0.474962739,0.174507876,0.000434133793,0,0.188590284,0.633957597,0.00100360077,0,0.000597193709,0.000832482119,6.96420826e-06,5.95665445e-05
605,812.004293,0.47474756,0.174484422,0.000438824886,0,0.188574738,0.633957597,0.00101833425,0,0.000601153915,0.00084871128,6.90291377e-06,5.9067343e-05
610,812.347227,0.474530713,0.174460817,0.000443546099,0,0.188559047,0.633957597,0.00103315523,0,0.000605042895,0.000865192078,6.84163587e-06,5.85665375e-05
615,812.693222,0.474312184,0.174437059,0.000448297871,0,0.188543209,0.633957597,0.00104806433,0,0.000608859364,0.000881927947,6.7803933e-06,5.80643173e-05
620,813.042311,0.474091958,0.174413146,0.000453080649,0,0.188527224,0.633957597,0.00106306219,0,0.000612602041,0.000898922357,6.7192046e-06,5.75608709e-05
625,813.394525,0.473870017,0.174389076,0.000457894891,0,0.188511089,0.633957597,0.00107814948,0,0.000616269648,0.000916178807,6.65808808e-06,5.70563865e-05
630,813.7499,0.473646347,0.174364846,0.00046274106,0,0.188494805,0.633957597,0.00109332687,0,0.000619860915,0.000933700829,6.5970618e-06,5.65510515e-05
635,814.108469,0.47342093,0.174340455,0.000467619632,0,0.188478368,0.633957597,0.00110859511,0,0.000623374574,0.000951491991,6.53614359e-06,5.60450525e-05
640,814.470269,0.47319375,0.174315899,0.000472531088,0,0.188461779,0.633957597,0.00112395494,0,0.000626809369,0.000969555888,6.47535098e-06,5.5538575e-05
645,814.835334,0.472964789,0.174291176,0.000477475921,0,0.188445035,0.633957597,0.00113940714,0,0.000630164049,0.000987896151,6.41470124e-06,5.50318031e-05
650,815.203703,0.472734031,0.174266283,0.000482454633,0,0.188428135,0.633957597,0.00115495253,0,0.000633437374,0.00100651644,6.35421134e-06,5.45249199e-05
655,815.57541,0.472501458,0.174241219,0.000487467736,0,0.188411077,0.633957597,0.00117059195,0,0.000636628114,0.00102542045,6.29389794e-06,5.40181067e-05
660,815.950496,0.472267051,0.17421598,0.000492515751,0,0.188393861,0.633957597,0.00118632631,0,0.00063973505,0.00104461191,6.23377734e-06,5.3511543e-05
665,816.328998,0.472030792,0.174190564,0.00049759921,0,0.188376484,0.633957597,0.0012021565,0,0.000642756976,0.00106409457,6.17386554e-06,5.30054065e-05
670,816.710956,0.471792663,0.174164968,0.000502718657,0,0.188358945,0.633957597,0.0012180835,0,0.000645692701,0.00108387223,6.11417811e-06,5.24998725e-05
675,817.09641,0.471552644,0.174139189,0.000507874645,0,0.188341242,0.633957597,0.00123410829,0,0.000648541046,0.0011039487,6.0547303e-06,5.1995114e-05
680,817.485401,0.471310715,0.174113225,0.000513067738,0,0.188323374,0.633957597,0.00125023193,0,0.00065130085,0.00112432785,5.99553693e-06,5.14913018e-05
685,817.877972,0.471066858,0.174087072,0.000518298514,0,0.188305338,0.633957597,0.00126645548,0,0.000653970968,0.00114501356,5.9366124e-06,5.09886033e-05
690,818.274165,0.470821051,0.174060728,0.000523567559,0,0.188287134,0.633957597,0.00128278007,0,0.000656550273,0.00116600975,5.87797067e-06,5.04871834e-05
695,818.674023,0.470573274,0.174034189,0.000528875476,0,0.188268758,0.633957597,0.00129920687,0,0.000659037658,0.00118732038,5.81962526e-06,4.99872033e-05
700,819.077591,0.470323506,0.174007454,0.000534222876,0,0.188250211,0.633957597,0.0013157371,0,0.000661432036,0.00120894943,5.76158919e-06,4.9488821e-05
705,819.484915,0.470071726,0.173980517,0.000539610384,0,0.188231488,0.633957597,0.00133237202,0,0.00066373234,0.00123090094,5.70387503e-06,4.89921909e-05
710,819.896041,0.46981791,0.173953377,0.00054503864,0,0.188212589,0.633957597,0.00134911294,0,0.000665937526,0.00125317895,5.6464948e-06,4.84974632e-05
715,820.311017,0.469562038,0.17392603,0.000550508296,0,0.188193512,0.633957597,0.00136596122,0,0.000668046574,0.00127578756,5.58946002e-06,4.80047843e-05
720,820.72989,0.469304086,0.173898473,0.000556020018,0,0.188174254,0.633957597,0.0013829183,0,0.000670058488,0.00129873091,5.53278168e-06,4.75142958e-05
725,821.152711,0.469044031,0.173870702,0.000561574486,0,0.188154813,0.633957597,0.00139998564,0,0.000671972297,0.00132201316,5.4764702e-06,4.70261353e-05
730,821.57953,0.468781848,0.173842714,0.000567172396,0,0.188135188,0.633957597,0.00141716478,0,0.000673787058,0.00134563853,5.42053542e-06,4.65404351e-05
735,822.010399,0.468517514,0.173814505,0.000572814458,0,0.188115375,0.633957597,0.0014344573,0,0.000675501852,0.00136961124,5.36498665e-06,4.60573231e-05
740,822.44537,0.468251004,0.173786071,0.000578501398,0,0.188095373,0.633957597,0.00145186485,0,0.000677115791,0.0013939356,5.30983255e-06,4.55769216e-05
745,822.884498,0.467982292,0.17375741,0.000584233958,0,0.18807518,0.633957597,0.00146938916,0,0.000678628014,0.00141861593,5.25508122e-06,4.50993479e-05
750,823.327837,0.467711352,0.173728516,0.000590012897,0,0.188054792,0.633957597,0.00148703199,0,0.000680037691,0.00144365661,5.20074013e-06,4.46247136e-05
755,823.775445,0.467438157,0.173699387,0.00059583899,0,0.188034207,0.633957597,0.00150479518,0,0.000681344023,0.00146906204,5.14681613e-06,4.41531248e-05
760,824.227378,0.467162681,0.173670018,0.000601713029,0,0.188013423,0.633957597,0.00152268065,0,0.00068254624,0.00149483669,5.09331546e-06,4.36846818e-05
765,824.683697,0.466884895,0.173640406,0.000607635827,0,0.187992438,0.633957597,0.00154069038,0,0.000683643608,0.00152098508,5.04024371e-06,4.3219479e-05
770,825.144461,0.466604772,0.173610545,0.000613608213,0,0.187971247,0.633957597,0.00155882642,0,0.000684635423,0.00154751175,4.98760586e-06,4.27576046e-05
775,825.609733,0.466322281,0.173580432,0.000619631035,0,0.18794985,0.633957597,0.00157709089,0,0.000685521014,0.00157442132,4.93540624e-06,4.22991409e-05
780,826.079575,0.466037395,0.173550063,0.000625705162,0,0.187928242,0.633957597,0.00159548598,0,0.000686299747,0.00160171846,4.88364854e-06,4.18441639e-05
785,826.554053,0.465750081,0.173519433,0.000631831483,0,0.187906422,0.633957597,0.00161401399,0,0.000686971021,0.00162940787,4.83233583e-06,4.13927432e-05
790,827.033232,0.46546031,0.173488537,0.000638010909,0,0.187884385,0.633957597,0.00163267725,0,0.00068753427,0.00165749433,4.78147057e-06,4.09449424e-05
795,827.517181,0.465168048,0.173457371,0.000644244369,0,0.187862129,0.633957597,0.00165147821,0,0.000687988964,0.00168598268,4.73105457e-06,4.05008186e-05
800,828.005968,0.464873265,0.173425931,0.000650532819,0,0.187839651,0.633957597,0.00167041938,0,0.00068833461,0.00171487781,4.68108906e-06,4.00604224e-05
805,828.499666,0.464575927,0.17339421,0.000656877235,0,0.187816947,0.633957597,0.00168950336,0,0.000688570752,0.00174418468,4.63157464e-06,3.96237983e-05
810,828.998345,0.464275999,0.173362204,0.000663278618,0,0.187794014,0.633957597,0.00170873284,0,0.000688696972,0.00177390831,4.58251134e-06,3.91909845e-05
815,829.502082,0.463973448,0.173329909,0.000669737992,0,0.187770849,0.633957597,0.0017281106,0,0.000688712888,0.0018040538,4.5338986e-06,3.87620126e-05
820,830.010952,0.463668237,0.173297318,0.000676256409,0,0.187747448,0.633957597,0.00174763949,0,0.000688618157,0.0018346263,4.48573533e-06,3.83369087e-05
825,830.525034,0.46336033,0.173264427,0.000682834944,0,0.187723807,0.633957597,0.00176732247,0,0.000688412475,0.00186563106,4.43801988e-06,3.79156923e-05
830,831.044406,0.463049691,0.17323123,0.000689474701,0,0.187699923,0.633957597,0.00178716259,0,0.000688095578,0.00189707339,4.39075008e-06,3.74983771e-05
835,831.569151,0.462736281,0.173197721,0.000696176812,0,0.187675793,0.633957597,0.001807163,0,0.000687667241,0.00192895869,4.34392326e-06,3.7084971e-05
840,832.099352,0.462420061,0.173163894,0.000702942436,0,0.187651411,0.633957597,0.00182732694,0,0.000687127278,0.00196129242,4.29753627e-06,3.6675476e-05
845,832.635096,0.462100993,0.173129744,0.000709772765,0,0.187626775,0.633957597,0.00184765774,0,0.000686475546,0.00199408016,4.25158551e-06,3.6269889e-05
850,833.176469,0.461779034,0.173095265,0.000716669017,0,0.187601879,0.633957597,0.00186815886,0,0.000685711941,0.00202732756,4.20606696e-06,3.58682014e-05
855,833.723562,0.461454144,0.173060449,0.000723632447,0,0.18757672,0.633957597,0.00188883384,0,0.000684836401,0.00206104035,4.1609762e-06,3.54703993e-05
860,834.276467,0.46112628,0.173025291,0.000730664337,0,0.187551294,0.633957597,0.00190968633,0,0.000683848905,0.00209522438,4.11630839e-06,3.50764641e-05
865,834.835278,0.4607954,0.172989784,0.000737766008,0,0.187525596,0.633957597,0.00193072009,0,0.000682749476,0.00212988558,4.07205839e-06,3.46863724e-05
870,835.400091,0.460461457,0.172953922,0.000744938814,0,0.187499622,0.633957597,0.00195193899,0,0.000681538179,0.00216503,4.02822072e-06,3.43000965e-05
875,835.971005,0.460124409,0.172917697,0.000752184144,0,0.187473366,0.633957597,0.00197334703,0,0.000680215123,0.00220066377,3.9847896e-06,3.39176041e-05
880,836.548122,0.459784206,0.172881102,0.000759503427,0,0.187446825,0.633957597,0.00199494829,0,0.000678780459,0.00223679317,3.941759e-06,3.35388595e-05
885,837.131544,0.459440804,0.17284413,0.00076689813,0,0.187419993,0.633957597,0.002016747,0,0.000677234385,0.00227342456,3.89912265e-06,3.31638229e-05
890,837.721379,0.459094152,0.172806774,0.00077436976,0,0.187392865,0.633957597,0.00203874751,0,0.000675577143,0.00231056443,3.85687408e-06,3.27924513e-05
895,838.317734,0.458744201,0.172769025,0.000781919864,0,0.187365436,0.633957597,0.00206095426,0,0.000673809022,0.0023482194,3.81500661e-06,3.24246983e-05
900,838.920721,0.458390902,0.172730876,0.000789550035,0,0.187337701,0.633957597,0.00208337187,0,0.000671930354,0.00238639622,3.77351343e-06,3.20605148e-05
905,839.530455,0.4580342,0.172692318,0.00079726191,0,0.187309655,0.633957597,0.00210600505,0,0.000669941522,0.00242510176,3.73238761e-06,3.16998492e-05
910,840.147052,0.457674045,0.172653344,0.00080505717,0,0.187281292,0.633957596,0.00212885867,0,0.000667842954,0.00246434304,3.69162209e-06,3.1342647e-05
915,840.770632,0.45731038,0.172613944,0.000812937546,0,0.187252606,0.633957596,0.00215193772,0,0.000665635128,0.00250412723,3.65120974e-06,3.09888519e-05
920,841.401318,0.456943152,0.172574109,0.000820904819,0,0.187223592,0.633957596,0.00217524734,0,0.000663318571,0.00254446164,3.61114339e-06,3.0638406e-05
925,842.039237,0.456572302,0.172533831,0.000828960819,0,0.187194243,0.633957596,0.00219879283,0,0.000660893858,0.00258535374,3.57141581e-06,3.02912494e-05
930,842.684517,0.456197773,0.1724931,0.000837107431,0,0.187164554,0.633957596,0.00222257961,0,0.000658361616,0.00262681116,3.53201975e-06,2.99473207e-05
935,843.337291,0.455819504,0.172451906,0.000845346597,0,0.187134518,0.633957596,0.0022466133,0,0.000655722523,0.00266884171,3.49294799e-06,2.96065577e-05
940,843.997696,0.455437436,0.172410239,0.000853680314,0,0.187104129,0.633957596,0.00227089964,0,0.000652977309,0.00271145338,3.45419329e-06,2.92688969e-05
945,844.66587,0.455051504,0.172368089,0.00086211064,0,0.187073381,0.633957596,0.00229544457,0,0.000650126757,0.00275465433,3.41574847e-06,2.89342743e-05
950,845.341958,0.454661646,0.172325446,0.000870639693,0,0.187042266,0.633957596,0.00232025418,0,0.000647171701,0.00279845294,3.37760636e-06,2.86026251e-05
955,846.026107,0.454267795,0.172282298,0.000879269659,0,0.187010777,0.633957596,0.00234533475,0,0.00064411303,0.00284285779,3.33975988e-06,2.82738842e-05
960,846.718469,0.453869884,0.172238635,0.000888002786,0,0.186978908,0.633957596,0.00237069274,0,0.000640951689,0.00288787764,3.30220197e-06,2.79479861e-05
965,847.419198,0.453467844,0.172194443,0.000896841396,0,0.186946652,0.633957596,0.00239633482,0,0.000637688675,0.00293352153,3.26492568e-06,2.76248653e-05
970,848.128455,0.453061604,0.172149713,0.00090578788,0,0.186914,0.633957596,0.00242226783,0,0.000634325042,0.00297979869,3.2279241e-06,2.73044562e-05
975,848.846404,0.45265109,0.172104431,0.000914844708,0,0.186880945,0.633957596,0.00244849884,0,0.0006308619,0.00302671864,3.19119041e-06,2.69866933e-05
980,849.573215,0.452236229,0.172058584,0.000924014425,0,0.186847479,0.633957596,0.00247503514,0,0.000627300413,0.00307429113,3.15471787e-06,2.66715114e-05
985,850.309063,0.451816942,0.17201216,0.000933299659,0,0.186813593,0.633957596,0.00250188423,0,0.000623641803,0.0031225262,3.11849979e-06,2.63588453e-05
990,851.054126,0.451393151,0.171965145,0.000942703121,0,0.186779281,0.633957596,0.00252905385,0,0.000619887345,0.00317143419,3.08252958e-06,2.60486302e-05
995,851.80859,0.450964776,0.171917525,0.000952227613,0,0.186744532,0.633957596,0.00255655198,0,0.000616038374,0.00322102573,3.04680072e-06,2.57408018e-05
1000,852.572645,0.450531731,0.171869285,0.000961876028,0,0.186709337,0.633957596,0.00258438686,0,0.000612096276,0.00327131179,3.01130675e-06,2.54352959e-05
1005,853.346488,0.450093931,0.171820411,0.000971651353,0,0.186673688,0.633957596,0.00261256701,0,0.000608062497,0.00332230366,2.97604126e-06,2.51320488e-05
1010,854.130323,0.449651287,0.171770886,0.00098155668,0,0.186637576,0.633957596,0.00264110119,0,0.000603938533,0.00337401301,2.94099791e-06,2.48309972e-05
1015,854.924359,0.449203707,0.171720696,0.000991595201,0,0.186600989,0.633957596,0.00266999848,0,0.000599725936,0.0034264519,2.90617041e-06,2.45320781e-05
1020,855.728812,0.448751098,0.171669823,0.00100177022,0,0.186563919,0.633957596,0.00269926826,0,0.00059542631,0.00347963279,2.87155249e-06,2.42352289e-05
1025,856.543906,0.448293361,0.171618251,0.00101208516,0,0.186526354,0.633957596,0.00272892022,0,0.00059104131,0.00353356856,2.83713793e-06,2.39403872e-05
1030,857.369873,0.447830398,0.171565961,0.00102254355,0,0.186488283,0.633957596,0.00275896437,0,0.000586572642,0.00358827256,2.8029205e-06,2.3647491e-05
1035,858.206953,0.447362102,0.171512936,0.00103314905,0,0.186449697,0.633957596,0.00278941108,0,0.000582022058,0.00364375861,2.76889402e-06,2.33564783e-05
1040,859.055393,0.446888369,0.171459156,0.00104390547,0,0.186410582,0.633957596,0.00282027109,0,0.000577391357,0.00370004106,2.73505228e-06,2.30672876e-05
1045,859.91545,0.446409085,0.171404602,0.00105481672,0,0.186370927,0.633957596,0.00285155551,0,0.00057268238,0.00375713479,2.70138906e-06,2.2779857e-05
1050,860.787391,0.445924138,0.171349254,0.00106588688,0,0.186330719,0.633957596,0.00288327584,0,0.00056789701,0.00381505528,2.66789813e-06,2.2494125e-05
1055,861.671491,0.445433407,0.17129309,0.00107712018,0,0.186289945,0.633957596,0.00291544402,0,0.000563037166,0.0038738186,2.63457322e-06,2.22100299e-05
1060,862.568039,0.44493677,0.171236089,0.001088521,0,0.186248592,0.633957596,0.00294807241,0,0.000558104801,0.0039334415,2.60140802e-06,2.19275098e-05
1065,863.47733,0.444434099,0.171178227,0.00110009389,0,0.186206647,0.633957596,0.00298117385,0,0.000553101898,0.0039939414,2.56839617e-06,2.16465027e-05
1070,864.399675,0.443925262,0.171119481,0.00111184356,0,0.186164093,0.633957595,0.00301476165,0,0.000548030465,0.0040553365,2.53553124e-06,2.13669463e-05
1075,865.335396,0.443410121,0.171059827,0.00112377494,0,0.186120917,0.633957595,0.00304884963,0,0.000542892532,0.00411764575,2.50280673e-06,2.10887778e-05
1080,866.284827,0.442888533,0.170999239,0.0011358931,0,0.186077102,0.633957595,0.00308345217,0,0.000537690142,0.00418088896,2.47021607e-06,2.08119342e-05
1085,867.248317,0.442360351,0.17093769,0.00114820335,0,0.186032632,0.633957595,0.00311858416,0,0.00053242535,0.0042450868,2.4377526e-06,2.05363517e-05
1090,868.226228,0.441825421,0.170875154,0.00116071121,0,0.18598749,0.633957595,0.00315426113,0,0.000527100213,0.00431026092,2.40540955e-06,2.02619664e-05
1095,869.218938,0.441283581,0.170811601,0.0011734224,0,0.185941659,0.633957595,0.00319049924,0,0.000521716788,0.00437643398,2.37318007e-06,1.99887134e-05
1100,870.226843,0.440734664,0.170747001,0.00118634291,0,0.185895118,0.633957595,0.00322731528,0,0.000516277119,0.00444362974,2.34105718e-06,1.97165272e-05
1105,871.250355,0.440178498,0.170681324,0.00119947897,0,0.18584785,0.633957595,0.00326472678,0,0.000510783233,0.00451187308,2.30903379e-06,1.94453416e-05
1110,872.289904,0.4396149,0.170614536,0.00121283706,0,0.185799834,0.633957595,0.00330275197,0,0.000505237133,0.00458119013,2.2771027e-06,1.91750896e-05
1115,873.34594,0.439043681,0.170546605,0.00122642395,0,0.185751048,0.633957595,0.00334140988,0,0.000499640785,0.00465160831,2.24525657e-06,1.89057035e-05
1120,874.418932,0.438464644,0.170477494,0.00124024672,0,0.18570147,0.633957595,0.00338072036,0,0.000493996115,0.00472315645,2.21348797e-06,1.86371146e-05
1125,875.509374,0.437877582,0.170407167,0.00125431273,0,0.185651077,0.633957595,0.00342070413,0,0.000488304994,0.00479586485,2.1817893e-06,1.83692536e-05
1130,876.61778,0.43728228,0.170335585,0.00126862971,0,0.185599844,0.633957595,0.00346138283,0,0.00048256923,0.00486976543,2.15015286e-06,1.81020501e-05
1135,877.744691,0.436678513,0.170262708,0.00128320571,0,0.185547747,0.633957595,0.00350277911,0,0.000476790558,0.00494489177,2.11857084e-06,1.78354332e-05
1140,878.890674,0.436066046,0.170188494,0.00129804917,0,0.185494757,0.633957594,0.00354491662,0,0.000470970631,0.00502127927,2.08703528e-06,1.75693309e-05
1145,880.056323,0.43544463,0.170112899,0.00131316894,0,0.185440847,0.633957594,0.00358782018,0,0.000465111006,0.00509896534,2.05553811e-06,1.73036706e-05
1150,881.24226,0.434814009,0.170035876,0.00132857425,0,0.185385987,0.633957594,0.00363151568,0,0.000459213128,0.00517798925,2.02407117e-06,1.7038379e-05
1155,882.449144,0.43417391,0.169957376,0.00134427484,0,0.185330145,0.633957594,0.00367603039,0,0.000453278328,0.00525839271,1.99262618e-06,1.67733821e-05
1160,883.677664,0.43352405,0.16987735,0.00136028087,0,0.18527329,0.633957594,0.00372139281,0,0.000447307813,0.00534021964,1.96119474e-06,1.65086053e-05
1165,884.928544,0.43286413,0.169795743,0.00137660304,0,0.185215386,0.633957594,0.0037676329,0,0.00044130264,0.00542351646,1.92976842e-06,1.62439735e-05
1170,886.202549,0.432193838,0.169712498,0.00139325259,0,0.185156396,0.633957594,0.00381478213,0,0.000435263716,0.00550833233,1.89833867e-06,1.59794113e-05
1175,887.500483,0.431512844,0.169627558,0.00141024135,0,0.185096283,0.633957594,0.00386287359,0,0.000429191779,0.00559471927,1.86689693e-06,1.57148432e-05
1180,888.823196,0.430820802,0.16954086,0.00142758176,0,0.185035006,0.633957593,0.00391194212,0,0.00042308739,0.00568273236,1.83543456e-06,1.54501933e-05
1185,890.171584,0.430117348,0.169452338,0.00144528694,0,0.184972522,0.633957593,0.00396202438,0,0.000416950921,0.00577242999,1.80394293e-06,1.5185386e-05
1190,891.546592,0.4294021,0.169361923,0.00146337072,0,0.184908785,0.633957593,0.00401315905,0,0.000410782544,0.00586387403,1.77241337e-06,1.49203457e-05
1195,892.949219,0.428674653,0.169269543,0.00148184767,0,0.184843748,0.633957593,0.00406538688,0,0.000404582226,0.00595713007,1.7408373e-06,1.46549975e-05
1200,894.380523,0.427934581,0.169175119,0.00150073325,0,0.18477736,0.633957593,0.00411875099,0,0.000398349704,0.00605226788,1.70920612e-06,1.43892668e-05
1205,895.841624,0.427181436,0.16907857,0.00152004375,0,0.184709567,0.633957593,0.00417329696,0,0.000392084487,0.00614936153,1.6775113e-06,1.41230796e-05
1210,897.333709,0.426414742,0.168979811,0.00153979646,0,0.184640312,0.633957592,0.00422907299,0,0.000385785852,0.00624848971,1.64574444e-06,1.38563635e-05
1215,898.858035,0.425633999,0.16887875,0.00156000968,0,0.184569535,0.633957592,0.00428613018,0,0.000379452831,0.00634973613,1.61389727e-06,1.35890469e-05
1220,900.415936,0.424838676,0.168775288,0.00158070281,0,0.184497171,0.633957592,0.00434452267,0,0.000373084213,0.00645318985,1.58196167e-06,1.33210598e-05
1225,902.00883,0.424028214,0.168669325,0.00160189649,0,0.184423152,0.633957592,0.00440430798,0,0.000366678537,0.00655894572,1.54992973e-06,1.30523343e-05
1230,903.638225,0.423202017,0.168560749,0.00162361264,0,0.184347405,0.633957592,0.00446554725,0,0.000360234093,0.00666710485,1.51779378e-06,1.27828042e-05
1235,905.305724,0.422359456,0.168449444,0.00164587461,0,0.184269853,0.633957591,0.00452830552,0,0.000353748926,0.00677777503,1.48554642e-06,1.25124057e-05
1240,907.013037,0.421499864,0.168335285,0.00166870726,0,0.184190413,0.633957591,0.00459265209,0,0.000347220843,0.00689107129,1.45318058e-06,1.2241078e-05
1245,908.761986,0.42062253,0.168218141,0.00169213716,0,0.184108997,0.633957591,0.00465866093,0,0.000340647412,0.00700711658,1.42068953e-06,1.19687627e-05
1250,910.554519,0.419726701,0.168097869,0.00171619268,0,0.184025512,0.63395759,0.00472641107,0,0.000334025985,0.00712604234,1.38806692e-06,1.16954047e-05
1255,912.392715,0.418811573,0.167974316,0.00174090421,0,0.183939855,0.63395759,0.00479598704,0,0.000327353703,0.00724798924,1.35530685e-06,1.14209523e-05
1260,914.278801,0.417876291,0.167847321,0.00176630429,0,0.183851919,0.63395759,0.00486747941,0,0.000320627524,0.00737310797,1.3224039e-06,1.11453573e-05
1265,916.215163,0.416919943,0.167716709,0.00179242784,0,0.183761589,0.633957589,0.00494098534,0,0.000313844236,0.00750156016,1.28935315e-06,1.08685759e-05
1270,918.204364,0.415941555,0.167582292,0.00181931242,0,0.183668739,0.633957589,0.00501660928,0,0.00030700049,0.00763351935,1.25615027e-06,1.05905678e-05
1275,920.249154,0.414940085,0.167443868,0.00184699845,0,0.183573237,0.633957588,0.00509446363,0,0.000300092825,0.00776917214,1.22279149e-06,1.03112976e-05
1280,922.352496,0.413914418,0.167301219,0.00187552953,0,0.183474938,0.633957588,0.0051746696,0,0.000293117705,0.00790871948,1.18927369e-06,1.00307338e-05
1285,924.517585,0.412863356,0.167154109,0.00190495278,0,0.183373686,0.633957587,0.00525735815,0,0.00028607155,0.00805237806,1.15559438e-06,9.74884979e-06
1290,926.74787,0.411785615,0.167002283,0.00193531918,0,0.183269313,0.633957587,0.00534267097,0,0.000278950776,0.00820038194,1.12175175e-06,9.46562333e-06
1295,929.047084,0.410679811,0.166845466,0.00196668402,0,0.183161637,0.633957586,0.00543076168,0,0.000271751836,0.00835298437,1.08774471e-06,9.18103698e-06
1300,931.419273,0.409544455,0.166683356,0.00199910738,0,0.183050461,0.633957585,0.00552179722,0,0.000264471258,0.00851045995,1.05357288e-06,8.89507775e-06
1305,933.868833,0.408377935,0.166515626,0.00203265469,0,0.182935569,0.633957585,0.00561595935,0,0.000257105681,0.00867310702,1.01923655e-06,8.60773682e-06
1310,936.400551,0.40717851,0.16634192,0.00206739736,0,0.182816727,0.633957584,0.00571344642,0,0.000249651893,0.00884125047,9.8473672e-07,8.31900963e-06
1315,939.01965,0.405944289,0.166161847,0.0021034135,0,0.182693679,0.633957583,0.0058144754,0,0.000242106855,0.00901524491,9.50075088e-07,8.02889539e-06
1320,941.731847,0.404673219,0.165974979,0.00214078878,0,0.182566145,0.633957582,0.00591928424,0,0.000234467726,0.00919547854,9.15253939e-07,7.73739633e-06
1325,944.543411,0.403363059,0.165780844,0.00217961741,0,0.182433815,0.633957581,0.0060281346,0,0.000226731865,0.00938237745,8.80276127e-07,7.44451723e-06
1330,947.461242,0.402011364,0.165578923,0.00222000328,0,0.182296351,0.63395758,0.006141315,0,0.000218896823,0.00957641073,8.45144981e-07,7.15026458e-06
1335,950.492955,0.40061545,0.165368642,0.00226206127,0,0.182153378,0.633957578,0.00625914454,0,0.000210960318,0.00977809655,8.09864172e-07,6.85464541e-06
1340,953.646978,0.399172371,0.165149363,0.00230591885,0,0.182004478,0.633957577,0.0063819772,0,0.00020292018,0.00998800911,7.74437619e-07,6.55766641e-06
1345,956.932675,0.397678878,0.164920377,0.00235171788,0,0.181849189,0.633957576,0.00651020706,0,0.000194774267,0.0102067873,7.38869201e-07,6.25933153e-06
1350,960.360489,0.396131374,0.164680892,0.0023996169,0,0.181686993,0.633957574,0.00664427441,0,0.000186520347,0.0104351445,7.03162519e-07,5.95964006e-06
1355,963.942109,0.394525866,0.164430018,0.00244979367,0,0.181517311,0.633957572,0.00678467307,0,0.000178155927,0.010673881,6.67320555e-07,5.65858384e-06
1360,967.690676,0.392857904,0.164166756,0.00250244839,0,0.181339488,0.63395757,0.00693195918,0,0.000169678045,0.0109238981,6.31345278e-07,5.35614415e-06
1365,971.621025,0.391122506,0.163889971,0.00255780749,0,0.181152785,0.633957567,0.00708676177,0,0.000161083003,0.0111862158,5.95237063e-07,5.05228709e-06
1370,975.749995,0.389314069,0.163598379,0.00261612842,0,0.180956361,0.633957565,0.00724979611,0,0.000152365989,0.0114619951,5.58993894e-07,4.74695723e-06
1375,980.096788,0.387426266,0.163290507,0.00267770526,0,0.180749254,0.633957562,0.00742187935,0,0.000143520683,0.0117525631,5.22610765e-07,4.4400731e-06
1380,984.683426,0.385451913,0.162964667,0.00274287589,0,0.180530359,0.633957558,0.00760395038,0,0.000134538756,0.0120594468,4.86078748e-07,4.13152001e-06
1385,989.535315,0.383382808,0.162618905,0.00281203092,0,0.180298397,0.633957555,0.00779709464,0,0.000125409332,0.012384413,4.49384205e-07,3.82114428e-06
1390,994.681954,0.381209535,0.16225095,0.0028856249,0,0.180051878,0.63395755,0.00800257532,0,0.000116118474,0.0127295202,4.12508534e-07,3.50875247e-06
1395,1000.15783,0.378921215,0.161858136,0.00296419062,0,0.179789059,0.633957545,0.00822187302,0,0.00010664899,0.0130971824,3.75429454e-07,3.19412407e-06
1400,1006.00359,0.376505191,0.161437317,0.00304835771,0,0.179507874,0.63395754,0.00845673711,0,9.69810651e-05,0.0134902513,3.38125633e-07,2.87705347e-06
1405,1012.26745,0.373946645,0.160984739,0.00313887673,0,0.17920587,0.633957533,0.00870925226,0,8.70952783e-05,0.0139121195,3.00590622e-07,2.55747236e-06
1410,1019.00708,0.371228118,0.160495886,0.00323665106,0,0.1788801,0.633957526,0.00898192572,0,7.69815675e-05,0.0143668478,2.62866965e-07,2.23574626e-06
1415,1026.29196,0.368328918,0.159965263,0.00334277964,0,0.178527004,0.633957517,0.00927780336,0,6.66621962e-05,0.0148593188,2.25125714e-07,1.91336118e-06
1420,1034.20624,0.365224427,0.159386109,0.00345861475,0,0.178142259,0.633957506,0.00960062432,0,5.62452729e-05,0.015395407,1.87836975e-07,1.5943906e-06
1425,1042.85238,0.361885277,0.158749999,0.00358584123,0,0.177720587,0.633957493,0.00995503102,0,4.60267916e-05,0.0159821652,1.52063857e-07,1.28801475e-06
1430,1052.35665,0.358276057,0.158046296,0.00372658696,0,0.177255468,0.633957477,0.0103468677,0,3.65975738e-05,0.0166281449,1.19705205e-07,1.01058048e-06
1435,1062.88023,0.354352458,0.15726134,0.00388358348,0,0.176738531,0.633957457,0.0107836414,0,2.87284037e-05,0.0173443076,9.30308004e-08,7.81566244e-07
1440,1074.64001,0.350055863,0.156377214,0.00406041451,0,0.176158402,0.633957431,0.0112752615,0,2.28730349e-05,0.0181459575,7.32006934e-08,6.10851868e-07
1445,1087.93615,0.345306793,0.155369741,0.00426191568,0,0.175499187,0.633957397,0.0118351771,0,1.88405855e-05,0.0190550704,5.9421632e-08,4.91513734e-07
1450,1103.18665,0.339997667,0.154205238,0.00449482357,0,0.17473856,0.633957352,0.0124821435,0,1.61019606e-05,0.0201026934,4.993617e-08,4.08326944e-07
1455,1120.98658,0.333980571,0.152835055,0.00476886803,0,0.173844485,0.633957296,0.0132432124,0,1.41843353e-05,0.0213331861,4.32151346e-08,3.47936711e-07
1460,1142.22021,0.327044263,0.151185772,0.00509873346,0,0.172768885,0.633957236,0.0141591612,0,1.27768159e-05,0.02281283,3.82795444e-08,3.01499036e-07
1465,1168.27866,0.318871343,0.149140156,0.00550786645,0,0.17143521,0.633957186,0.0152950554,0,1.16907053e-05,0.0246469479,3.45956348e-08,2.63536394e-07
1470,1201.51681,0.308953471,0.146496505,0.00603660712,0,0.169711869,0.633957174,0.0167627932,0,1.08082118e-05,0.0270164077,3.19791011e-08,2.30481079e-07
1475,1246.33677,0.296404579,0.142870043,0.00676190939,0,0.167347842,0.633957214,0.0187757451,0,1.00478516e-05,0.030266007,3.07091187e-08,1.99610947e-07
1480,1312.2425,0.279484044,0.137406461,0.00785462969,0,0.163785567,0.633957274,0.021807359,0,9.34544549e-06,0.0351611093,3.24206983e-08,1.68072166e-07
1485,1425.00856,0.254099147,0.12768308,0.00979927368,0,0.157442413,0.633957293,0.0271985658,0,8.70458244e-06,0.0438719121,4.67304307e-08,1.30560689e-07
1490,1687.63977,0.207846252,0.103007464,0.0147340091,0,0.141296539,0.633955795,0.0408270741,2.62865159e-33,1.39247951e-05,0.065968159,3.04616636e-07,5.93083842e-08
1495,2290.98302,0.138372899,0.0228801405,0.0307480188,0,0.0844473896,0.629908308,0.082479506,1.86689092e-33,0.00353469391,0.132251332,6.96883754e-05,1.86350857e-09
1500,2393.31939,0.128640292,0.000578939161,0.0351418502,0,0.071025271,0.629358634,0.0929293902,-1.65088466e-33,0.00799058489,0.145469563,0.000152914086,3.71784319e-11
1505,2396.55904,0.128385283,1.16513593e-05,0.0351756179,0,0.0705336979,0.629345885,0.0931701234,5.42862177e-36,0.00819910628,0.145942064,0.000156550028,1.57667388e-12
1510,2397.61579,0.128342745,2.31343698e-07,0.0350975571,0,0.070346013,0.629342723,0.0931557104,-2.21821843e-38,0.00827069327,0.146134205,0.000157602442,8.68814911e-13
1515,2398.63023,0.128304462,4.55313573e-09,0.0350169331,0,0.0701640226,0.629339773,0.0931360644,6.96702652e-38,0.00834012833,0.146320889,0.000158609801,8.58209852e-13
1520,2399.6452,0.128266262,8.88481138e-11,0.0349359453,0,0.0699817467,0.62933685,0.0931162144,5.68113461e-38,0.00841016005,0.146507607,0.000159623776,8.61433356e-13
1525,2400.66152,0.128228063,1.72905849e-12,0.0348546362,0,0.0697990677,0.629333949,0.0930962596,8.85311234e-38,0.00848084918,0.146694463,0.000160645452,8.64937829e-13
1530,2401.6792,0.128189865,5.7154194e-14,0.0347730052,0,0.0696159844,0.629331071,0.0930762018,6.02122369e-38,0.00855220281,0.146881453,0.000161674908,8.68456912e-13
1535,2402.69822,0.128151667,-1.62698281e-14,0.034691051,0,0.0694324978,0.629328216,0.0930560404,5.2581959e-39,0.00862422704,0.147068575,0.0001627122,8.71985269e-13
1540,2403.71859,0.128113472,1.07357994e-14,0.0346087722,0,0.0692486093,0.629325386,0.0930357751,2.93626291e-38,0.00869692792,0.147255822,0.000163757387,8.75522657e-13
1545,2404.74027,0.128075278,1.14803464e-14,0.0345261676,0,0.0690643199,0.629322579,0.0930154054,3.32966492e-38,0.00877031158,0.14744319,0.000164810526,8.79068912e-13
1550,2405.76326,0.128037088,1.27664295e-15,0.0344432357,0,0.0688796312,0.629319796,0.0929949309,-6.54967541e-38,0.00884438413,0.147630675,0.000165871675,8.82623874e-13
1555,2406.78754,0.127998901,-1.44374016e-15,0.0343599754,0,0.0686945444,0.629317038,0.0929743513,-8.54991042e-36,0.00891915174,0.147818272,0.000166940892,8.86187378e-13
1560,2407.8131,0.12796072,-5.50442197e-16,0.0342763854,0,0.0685090611,0.629314306,0.0929536661,-5.36951472e-35,0.00899462051,0.148005975,0.000168018233,8.89759249e-13
1565,2408.83992,0.127922544,1.2657471e-16,0.0341924643,0,0.0683231828,0.629311598,0.092932875,4.12156301e-35,0.00907079663,0.14819378,0.000169103755,8.93339307e-13
1570,2409.86799,0.127884375,1.88111452e-16,0.0341082109,0,0.0681369111,0.629308917,0.0929119776,-2.12160967e-35,0.00914768629,0.148381681,0.000170197516,8.96927369e-13
1575,2410.89729,0.127846213,6.19050053e-17,0.0340236241,0,0.0679502477,0.629306261,0.0928909735,-5.60915545e-36,0.0092252958,0.148569672,0.000171299575,9.00523252e-13
1580,2411.9278,0.127808059,-2.43788434e-17,0.0339387025,0,0.0677631943,0.629303632,0.0928698623,-1.60431e-34,0.00930363131,0.14875775,0.000172409988,9.04126754e-13
1585,2412.95952,0.127769913,-7.83638017e-19,0.0338534451,0,0.0675757529,0.62930103,0.0928486436,4.13220728e-35,0.00938269956,0.148945907,0.00017352882,9.07737714e-13
1590,2413.99243,0.127731777,3.44273854e-18,0.0337678506,0,0.0673879254,0.629298455,0.0928273168,7.14294244e-36,0.00946250702,0.149134137,0.000174656132,9.11355938e-13
1595,2415.02651,0.127693652,-1.34957975e-19,0.0336819179,0,0.0671997136,0.629295907,0.0928058818,-1.77806135e-35,0.00954305967,0.149322436,0.000175791977,9.14981193e-13
1600,2416.06174,0.127655538,-3.12791894e-19,0.0335956458,0,0.0670111198,0.629293387,0.0927843383,-2.68111803e-35,0.00962436377,0.149510798,0.000176936409,9.18613253e-13
1605,2417.0981,0.127617436,4.58142931e-20,0.0335090333,0,0.066822146,0.629290895,0.0927626858,-1.22223302e-34,0.00970642576,0.149699216,0.00017808949,9.22251908e-13
1610,2418.13556,0.127579348,1.45670021e-20,0.0334220792,0,0.0666327943,0.629288432,0.0927409242,-1.70982863e-35,0.00978925161,0.149887686,0.000179251268,9.25896898e-13
1615,2419.17413,0.127541274,-3.04417299e-21,0.0333347825,0,0.0664430673,0.629285997,0.092719053,-1.99226877e-35,0.00987284842,0.1500762,0.000180421815,9.29548045e-13
1620,2420.21377,0.127503215,9.08487869e-22,0.0332471422,0,0.0662529672,0.629283592,0.0926970718,5.02513658e-35,0.00995722229,0.150264752,0.000181601183,9.33205087e-13
1625,2421.25447,0.127465172,-1.03891849e-22,0.0331591572,0,0.0660624966,0.629281217,0.0926749804,2.17507472e-35,0.0100423796,0.150453335,0.000182789428,9.36867775e-13
1630,2422.2962,0.127427146,9.00896175e-24,0.0330708266,0,0.065871658,0.629278872,0.0926527785,-3.55683927e-35,0.0101283266,0.150641945,0.000183986608,9.40535856e-13
1635,2423.33895,0.127389139,1.29185514e-24,0.0329821493,0,0.065680454,0.629276557,0.0926304658,-2.90093479e-35,0.01021507,0.150830573,0.00018519278,9.44209081e-13
1640,2424.3827,0.12735115,-8.09019194e-25,0.0328931246,0,0.0654888874,0.629274272,0.092608042,3.93988872e-36,0.0103026162,0.151019213,0.000186408004,9.47887186e-13
1645,2425.42741,0.127313182,2.01029937e-25,0.0328037514,0,0.0652969611,0.629272019,0.0925855068,-3.53973452e-35,0.0103909713,0.151207859,0.00018763233,9.51569882e-13
1650,2426.47308,0.127275235,-3.80336467e-26,0.0327140289,0,0.0651046778,0.629269798,0.0925628601,2.23620366e-35,0.010480142,0.151396504,0.000188865819,9.55256905e-13
1655,2427.51967,0.12723731,2.99227921e-27,0.0326239562,0,0.0649120406,0.629267608,0.0925401014,3.21328513e-35,0.0105701346,0.15158514,0.000190108526,9.58947966e-13
1660,2428.56717,0.127199408,6.21642498e-29,0.0325335325,0,0.0647190528,0.629265451,0.0925172306,7.95822562e-36,0.0106609556,0.15177376,0.000191360509,9.62642786e-13
1665,2429.61555,0.12716153,-1.97570559e-28,0.0324427572,0,0.0645257173,0.629263326,0.0924942474,1.52351683e-35,0.0107526114,0.151962358,0.000192621822,9.66341053e-13
1670,2430.66479,0.127123678,2.92814774e-28,0.0323516293,0,0.0643320374,0.629261234,0.0924711518,2.98065578e-35,0.0108451081,0.152150926,0.000193892517,9.70042447e-13
1675,2431.71486,0.127085852,1.54814483e-28,0.0322601482,0,0.0641380167,0.629259176,0.0924479433,1.44471351e-35,0.0109384525,0.152339456,0.000195172654,9.73746686e-13
1680,2432.76574,0.127048054,4.80273505e-30,0.0321683132,0,0.0639436586,0.629257151,0.0924246217,-2.4923521e-35,0.011032651,0.152527941,0.000196462289,9.77453445e-13
1685,2433.81741,0.127010285,-1.16103723e-29,0.0320761237,0,0.0637489667,0.629255161,0.092401187,-2.23477805e-34,0.0111277097,0.152716373,0.000197761472,9.81162385e-13
1690,2434.86983,0.126972546,2.55106374e-30,0.0319835791,0,0.0635539445,0.629253205,0.0923776389,1.16019541e-34,0.011223635,0.152904745,0.000199070258,9.84873176e-13
1695,2435.92299,0.126934837,1.72981401e-29,0.0318906788,0,0.0633585959,0.629251284,0.0923539774,2.15088804e-34,0.0113204333,0.153093049,0.000200388701,9.88585477e-13
1700,2436.97685,0.126897161,9.80740352e-30,0.0317974223,0,0.0631629248,0.629249398,0.0923302021,1.27629438e-34,0.0114181109,0.153281276,0.000201716854,9.92298944e-13
1705,2438.03139,0.126859518,9.46477249e-30,0.0317038091,0,0.0629669353,0.629247548,0.092306313,1.63287141e-34,0.011516674,0.153469419,0.00020305477,9.96013212e-13
1710,2439.08659,0.12682191,1.8933138e-30,0.0316098387,0,0.0627706312,0.629245735,0.09228231,-6.82397767e-35,0.011616129,0.153657469,0.000204402501,9.99727925e-13
1715,2440.1424,0.126784337,-6.6610365e-34,0.0315155108,0,0.0625740168,0.629243957,0.0922581928,-2.40513868e-34,0.0117164821,0.153845418,0.0002057601,1.00344271e-12
1720,2441.19881,0.126746801,-7.10148902e-31,0.031420825,0,0.0623770965,0.629242217,0.0922339616,-2.32302643e-34,0.0118177395,0.154033258,0.000207127616,1.00715719e-12
1725,2442.25579,0.126709304,-2.27617196e-31,0.0313257809,0,0.0621798744,0.629240514,0.092209616,3.6706766e-35,0.0119199073,0.15422098,0.0002085051,1.01087098e-12
1730,2443.3133,0.126671846,4.06630655e-32,0.0312303784,0,0.0619823553,0.629238848,0.0921851562,6.83086002e-35,0.0120229916,0.154408575,0.0002098926,1.01458366e-12
1735,2444.37131,0.126634429,1.33475421e-31,0.031134617,0,0.0617845436,0.62923722,0.0921605821,-2.65031951e-35,0.0121269985,0.154596036,0.000211290166,1.01829485e-12
1740,2445.4298,0.126597054,7.58667285e-32,0.0310384968,0,0.0615864441,0.629235631,0.0921358935,-6.17869633e-35,0.0122319341,0.154783352,0.000212697848,1.02200414e-12
1745,2446.48874,0.126559722,2.58930166e-32,0.0309420176,0,0.0613880617,0.629234081,0.0921110906,-5.3309651e-35,0.0123378043,0.154970515,0.000214115693,1.0257111e-12
1750,2447.54808,0.126522435,-5.85179664e-33,0.0308451793,0,0.0611894011,0.62923257,0.0920861731,-1.84902335e-35,0.0124446151,0.155157516,0.000215543747,1.02941531e-12
1755,2448.60781,0.126485193,-1.57442115e-32,0.0307479818,0,0.0609904676,0.629231098,0.0920611413,-2.20785561e-34,0.0125523725,0.155344346,0.000216982059,1.03311633e-12
1760,2449.66788,0.126447999,-5.75195813e-33,0.0306504252,0,0.0607912662,0.629229667,0.0920359951,-3.53860732e-34,0.0126610822,0.155530996,0.000218430672,1.03681372e-12
1765,2450.72826,0.126410853,-8.16108043e-34,0.0305525096,0,0.0605918022,0.629228275,0.0920107345,6.29249856e-36,0.0127707501,0.155717455,0.000219889632,1.04050704e-12
1770,2451.78893,0.126373758,2.4286185e-33,0.0304542351,0,0.060392081,0.629226925,0.0919853596,1.04834647e-34,0.0128813818,0.155903715,0.000221358983,1.04419581e-12
1775,2452.84985,0.126336713,1.13192108e-33,0.0303556018,0,0.060192108,0.629225615,0.0919598704,-1.87479672e-35,0.0129929831,0.156089766,0.000222838768,1.04787958e-12
1780,2453.91097,0.126299722,5.07898472e-34,0.0302566101,0,0.0599918889,0.629224347,0.0919342672,-1.62672596e-35,0.0131055594,0.156275599,0.000224329029,1.05155786e-12
1785,2454.97227,0.126262784,-2.03246278e-34,0.0301572603,0,0.0597914294,0.629223121,0.0919085499,5.86854666e-35,0.0132191164,0.156461203,0.000225829806,1.05523018e-12
1790,2456.03372,0.126225902,-1.49629338e-34,0.0300575526,0,0.0595907353,0.629221937,0.0918827187,2.16664255e-34,0.0133336595,0.156646569,0.000227341142,1.05889604e-12
1795,2457.09527,0.126189076,-1.28795459e-34,0.0299574876,0,0.0593898125,0.629220795,0.0918567738,1.53816789e-34,0.013449194,0.156831686,0.000228863073,1.06255493e-12
1800,2458.15689,0.126152309,-1.79747204e-36,0.0298570656,0,0.0591886671,0.629219697,0.0918307153,-6.82217723e-35,0.0135657252,0.157016545,0.000230395639,1.06620636e-12
1805,2459.21853,0.126115602,2.79157301e-35,0.0297562873,0,0.0589873054,0.629218641,0.0918045434,-1.4424303e-34,0.0136832584,0.157201136,0.000231938877,1.0698498e-12
1810,2460.28018,0.126078955,2.39511127e-35,0.0296551533,0,0.0587857335,0.62921763,0.0917782584,-1.19133511e-34,0.0138017985,0.157385448,0.000233492822,1.07348472e-12
1815,2461.34177,0.126042372,5.53276243e-36,0.0295536641,0,0.0585839578,0.629216662,0.0917518604,1.37216463e-35,0.0139213507,0.157569471,0.000235057509,1.0771106e-12
1820,2462.40329,0.126005852,-3.24366147e-36,0.0294518207,0,0.058381985,0.629215739,0.0917253497,2.8960556e-35,0.0140419199,0.157753194,0.000236632973,1.08072689e-12
1825,2463.46468,0.125969398,-3.34372023e-36,0.0293496237,0,0.0581798216,0.629214861,0.0916987265,-2.50837338e-35,0.0141635109,0.157936607,0.000238219246,1.08433304e-12
1830,2464.52591,0.125933011,-1.81218096e-36,0.0292470741,0,0.0579774744,0.629214028,0.0916719912,-5.95452125e-36,0.0142861283,0.1581197,0.000239816357,1.08792849e-12
1835,2465.58694,0.125896692,3.23397217e-38,0.0291441727,0,0.0577749502,0.62921324,0.0916451441,5.39185251e-36,0.0144097767,0.158302461,0.000241424338,1.09151267e-12
1840,2466.64773,0.125860444,3.30973179e-37,0.0290409206,0,0.0575722561,0.629212498,0.0916181855,-4.21116312e-37,0.0145344608,0.15848488,0.000243043216,1.09508501e-12
1845,2467.70823,0.125824267,4.37342808e-37,0.028937319,0,0.0573693991,0.629211802,0.0915911158,-8.95199295e-37,0.0146601847,0.158666946,0.000244673019,1.09864492e-12
1850,2468.7684,0.125788163,7.79522498e-38,0.0288333688,0,0.0571663865,0.629211153,0.0915639353,-1.28487073e-38,0.0147869529,0.158848649,0.000246313773,1.10219182e-12
1855,2469.82821,0.125752133,-1.29488499e-38,0.0287290714,0,0.0569632256,0.62921055,0.0915366444,1.11203203e-38,0.0149147695,0.159029976,0.000247965503,1.1057251e-12
1860,2470.88761,0.12571618,-7.0370559e-38,0.0286244282,0,0.0567599238,0.629209995,0.0915092436,3.53289852e-39,0.0150436384,0.159210918,0.000249628231,1.10924415e-12
1865,2471.94656,0.125680305,-2.16605176e-38,0.0285194403,0,0.0565564888,0.629209487,0.0914817332,-2.22506842e-38,0.0151735635,0.159391462,0.000251301979,1.11274837e-12
1870,2473.00501,0.125644509,-2.41945055e-39,0.0284141094,0,0.0563529281,0.629209027,0.0914541138,2.39715269e-38,0.0153045486,0.159571599,0.000252986766,1.11623712e-12
1875,2474.06292,0.125608793,8.29759745e-39,0.0283084369,0,0.0561492497,0.629208615,0.0914263859,7.35680399e-38,0.0154365972,0.159751315,0.000254682611,1.11970978e-12
1880,2475.12025,0.12557316,3.92129575e-39,0.0282024244,0,0.0559454613,0.629208251,0.09139855,4.15414635e-38,0.0155697128,0.159930601,0.000256389531,1.12316571e-12
1885,2476.17695,0.125537611,1.58476907e-39,0.0280960737,0,0.055741571,0.629207936,0.0913706065,1.45977598e-38,0.0157038987,0.160109445,0.00025810754,1.12660426e-12
1890,2477.23297,0.125502147,-5.69782901e-40,0.0279893865,0,0.055537587,0.62920767,0.0913425561,-7.52615199e-39,0.0158391581,0.160287835,0.000259836653,1.13002477e-12
1895,2478.28828,0.125466771,-1.00275399e-39,0.0278823648,0,0.0553335176,0.629207454,0.0913143994,-6.47297865e-39,0.0159754939,0.160465759,0.000261576879,1.13342659e-12
1900,2479.34282,0.125431483,-4.01601069e-40,0.0277750103,0,0.0551293709,0.629207287,0.091286137,6.27941666e-39,0.0161129089,0.160643207,0.00026332823,1.13680904e-12
1905,2480.39655,0.125396285,-3.9667309e-41,0.0276673252,0,0.0549251556,0.62920717,0.0912577695,1.86073824e-38,0.0162514059,0.160820166,0.000265090714,1.14017146e-12
1910,2481.44942,0.125361179,1.54745216e-40,0.0275593115,0,0.0547208802,0.629207103,0.0912292975,4.25239779e-38,0.0163909872,0.160996626,0.000266864336,1.14351315e-12
1915,2482.50138,0.125326167,7.16312404e-41,0.0274509715,0,0.0545165534,0.629207086,0.0912007218,5.82511673e-38,0.0165316552,0.161172574,0.000268649101,1.14683343e-12
1920,2483.55239,0.12529125,2.78206877e-41,0.0273423074,0,0.054312184,0.62920712,0.0911720431,1.39340979e-38,0.0166734121,0.161347998,0.000270445011,1.1501316e-12
1925,2484.6024,0.12525643,-1.52333149e-41,0.0272333216,0,0.0541077808,0.629207205,0.0911432622,-1.68690596e-38,0.0168162598,0.161522888,0.000272252066,1.15340695e-12
1930,2485.65137,0.125221708,-9.79187894e-42,0.0271240165,0,0.0539033529,0.629207342,0.0911143797,4.18982416e-39,0.0169602001,0.161697231,0.000274070267,1.15665879e-12
1935,2486.69923,0.125187086,-7.59332874e-42,0.0270143947,0,0.0536989095,0.629207529,0.0910853965,1.04701434e-38,0.0171052344,0.161871015,0.000275899607,1.15988638e-12
1940,2487.74595,0.125152565,3.84318371e-43,0.0269044588,0,0.0534944596,0.629207769,0.0910563134,9.61461998e-39,0.0172513643,0.162044228,0.000277740083,1.16308902e-12
1945,2488.79147,0.125118148,1.4450323e-42,0.0267942116,0,0.0532900126,0.62920806,0.0910271313,2.92817424e-39,0.0173985909,0.162216859,0.000279591686,1.16626597e-12
1950,2489.83575,0.125083835,1.42436561e-42,0.0266836559,0,0.0530855779,0.629208403,0.090997851,-4.45039342e-39,0.017546915,0.162388897,0.000281454406,1.1694165e-12
1955,2490.87873,0.125049629,2.42518932e-43,0.0265727945,0,0.0528811651,0.629208799,0.0909684734,-9.10690784e-39,0.0176963377,0.162560328,0.000283328233,1.17253987e-12
1960,2491.92036,0.125015531,-2.21486043e-43,0.0264616305,0,0.0526767837,0.629209247,0.0909389995,-4.60549226e-39,0.0178468592,0.162731141,0.00028521315,1.17563533e-12
1965,2492.9606,0.124981543,-2.06919375e-43,0.0263501669,0,0.0524724434,0.629209748,0.0909094302,2.30152847e-39,0.01799848,0.162901325,0.000287109142,1.17870213e-12
1970,2493.99939,0.124947666,-7.520527e-44,0.026238407,0,0.0522681539,0.629210301,0.0908797665,-2.07179205e-39,0.0181512002,0.163070867,0.000289016191,1.18173954e-12
1975,2495.03668,0.124913902,1.22375065e-44,0.026126354,0,0.0520639254,0.629210908,0.0908500094,5.82126471e-39,0.0183050196,0.163239757,0.000290934274,1.18474677e-12
1980,2496.07243,0.124880252,2.27774914e-44,0.0260140113,0,0.0518597675,0.629211568,0.09082016,2.11019006e-38,0.018459938,0.16340798,0.00029286337,1.18772307e-12
1985,2497.10657,0.124846718,2.24544177e-44,0.0259013824,0,0.0516556904,0.629212281,0.0907902192,7.91528432e-39,0.0186159547,0.163575527,0.000294803452,1.19066767e-12
1990,2498.13906,0.124813303,2.48808072e-45,0.0257884708,0,0.0514517043,0.629213048,0.0907601883,-4.45728749e-39,0.0187730689,0.163742386,0.000296754492,1.19357981e-12
1995,2499.16985,0.124780006,-1.37984173e-45,0.0256752802,0,0.0512478194,0.629213869,0.0907300683,1.57321099e-38,0.0189312796,0.163908544,0.000298716461,1.1964587e-12
2000,2500.19888,0.124746831,-3.93623106e-45,0.0255618144,0,0.0510440459,0.629214743,0.0906998603,-1.17073308e-38,0.0190905853,0.164073989,0.000300689323,1.19930357e-12
